{
  "0_0": 1264069375.8609009,
  "1_0": 1264069375.829895
}