{
  "0_0": 1264069375.859253,
  "1_0": 1264069375.8204346
}