{
  "0_0": 1264069375.8312988,
  "1_0": 1264069375.8482056
}